Features,Number,Income_mean,EarnFT_mean,EarnAll_mean,Months Worked,Income_median,EarnFT_median,EarnAll_median
Number,1.0,-0.54085,-0.52249,-0.53394,-0.25122,-0.54757,-0.52048,-0.54031
Income_mean,-0.54085,1.0,0.99401,0.99774,0.82291,0.98727,0.9915,0.99538
EarnFT_mean,-0.52249,0.99401,1.0,0.99833,0.80269,0.96526,0.97472,0.97984
EarnAll_mean,-0.53394,0.99774,0.99833,1.0,0.80157,0.97505,0.98112,0.98766
Months Worked,-0.25122,0.82291,0.80269,0.80157,1.0,0.85265,0.86431,0.84152
Income_median,-0.54757,0.98727,0.96526,0.97505,0.85265,1.0,0.99686,0.99759
EarnFT_median,-0.52048,0.9915,0.97472,0.98112,0.86431,0.99686,1.0,0.99702
EarnAll_median,-0.54031,0.99538,0.97984,0.98766,0.84152,0.99759,0.99702,1.0
